山田,拓哉,ヤマダ,タクヤ,yt8393@pc.com,yt8393@ne.jp,東京都,文京区5-24,神奈川大学,経済学部,経済学科,文
山田,一志,ヤマダ,カズシ,yk1030@pc.com,yk1030@ne.jp,群馬県,前橋市7-53,群馬大学,情報学部,情報学科,理
大関,雄太,オオセキ,ユウタ,oy0321@pc.com,oy0321@ne.jp,東京都,八王子市9-2,東京都立大学,人文社会学部,人文学科,文
佐藤,慎太,サトウ,シンタ,ss0907@pc.com,ss0907@ne.jp,東京都,練馬区2-3,東洋大学,理工学部,応用科学科,理
星,兼一,ホシ,ケンイチ,hk0805@pc.com,hk0805@ne.jp,東京都,豊島区343-3,東洋大学,社会学部,社会学科,文
長谷川,瑠偉,ハセガワ,ルイ,hr0910@pc.com,hr0910@ne.jp,東京都,渋谷区4-4-2,帝京平成大学,人文社会学部,経営学科,文
関崎,元助,セキザキ,ゲンスケ,sg0402@pc.com,sg0402@ne.jp,千葉県,柏市5-6,二松学舎大学,文学部,国文学科,文
長谷川,拓真,ハセガワ,タクマ,ht1024@pc.com,ht1024@ne.jp,神奈川県,川崎市3-1,専修大学,法学部,法律学科,理
榊,康太,サカキ,コウタ,sk0904@pc.com,sk0904@ne.jp,神奈川県,横浜市5-9,横浜国立大学,経済学部,経済学科,文
石原,大輔,イシハラ,ダイスケ,id0601@pc.com,id0601@ne.jp,神奈川県,横浜市6-2,神奈川大学,経営学部,国際経営学科,理
関本,千春,セキモト,チハル,st0910@pc.com,st0910@ne.jp,千葉県,柏市7-9,千葉大学,文学部,人文学科,文
橋本,梨恵,ハシモト,リエ,hr1113@pc.com,hr1113@ne.jp,群馬県,高崎市5-10,高崎経済大学,経済学部,国際学科,文
小林,柊,コバヤシ,シユウ,ks0907@pc.com,ks0907@ne.jp,茨城県,水戸市10-2,筑波大学,人間学群,心理学類,文
土田,彩芽,ツチダ,アヤメ,ta0406@pc.com,ta0406@ne.jp,茨城大学,水戸市5-12,茨城大学,理学部,化学コース,理
五十嵐,晴子,イカラシ,ハルコ,ih0105@pc.com,ih0105@ne.jp,神奈川県,横浜市7-4,横浜市立大学,理学部,理学科,理
高橋,亜里,タカハシ,アリ,ta0528@pc.com,ta0528@ne.jp,埼玉県,川口市6-3,埼玉大学,教養学部,教養学科,文
北村,佳澄,キタムラ,カスミ,kk1020@pc.com,kk1020@ne.jp,栃木県,宇都宮市9-10,宇都宮大学,国際学部,国際学科,文
富川,芽衣子,トミカワ,メイコ,tm0617@pc.com,tm0617@ne.jp,東京都,江東区8-3,日本大学,法学部,法律学科,文
本間,佑理,ホンマ,ユリ,hy1105@pc.com,hy1105@ne.jp,東京都,墨田区3-4,立教大学,理学部,物理学科,理
真田,亜弥,サナダ,アヤ,sa1219@pc.com,sa1219@ne.jp,東京都,目黒区5-10,城西大学,経済学部,経済学科,文
